id,id_item_composto,id_inventario,id_coletor,quantidade_encontrada,status_componente,observacao_coleta,data_coleta,localizacao_encontrada
2,1548,2,1,1,COMPLETO,,,
3,1578,2,12,1,COMPLETO,,,
4,1175,2,12,1,COMPLETO,,,
5,1428,2,12,1,COMPLETO,,,
6,1499,2,12,1,COMPLETO,,,
7,1826,2,12,1,COMPLETO,,,
8,1397,2,12,1,COMPLETO,,,
9,1810,2,12,1,COMPLETO,,,
10,1711,2,12,1,COMPLETO,,,
11,1161,2,12,1,COMPLETO,,,
12,1454,2,12,1,COMPLETO,,,
13,1540,2,12,1,COMPLETO,,,
14,1442,2,12,1,COMPLETO,,,
15,1701,2,12,1,COMPLETO,,,
1,1549,2,1,1,COMPLETO,,2025-11-29 08:33:01.667425,
17,1604,2,12,1,COMPLETO,,,
18,1625,2,12,1,COMPLETO,,,
19,1488,2,12,1,COMPLETO,,,
20,1761,2,12,1,COMPLETO,,,
21,4407,2,12,1,COMPLETO,,,
22,1823,2,12,1,COMPLETO,,,
23,1380,2,12,1,COMPLETO,,,
24,1559,2,12,1,COMPLETO,,,
25,1524,2,12,1,COMPLETO,,,
26,1409,2,12,1,COMPLETO,,,
27,1209,2,12,1,COMPLETO,,,
28,1771,2,12,1,COMPLETO,,,
29,1542,2,12,1,COMPLETO,,,
30,1729,2,12,1,COMPLETO,,,
31,1772,2,12,1,COMPLETO,,,
32,1616,2,12,1,COMPLETO,,,
33,1778,2,12,1,COMPLETO,,,
34,1697,2,12,1,COMPLETO,,,
35,1407,2,12,1,COMPLETO,,,
36,1457,2,12,1,COMPLETO,,,
37,1532,2,12,1,COMPLETO,,,
38,1255,2,12,1,COMPLETO,,,
39,4408,2,12,1,COMPLETO,,,
40,1518,2,12,1,COMPLETO,,,
41,1489,2,12,1,COMPLETO,,,
42,1464,2,12,1,COMPLETO,,,
43,1443,2,12,1,COMPLETO,,,
44,1476,2,12,1,COMPLETO,,,
45,1668,2,12,1,COMPLETO,,,
46,1137,2,12,1,COMPLETO,,,
47,1746,2,12,1,COMPLETO,,,
48,1413,2,12,1,COMPLETO,,,
49,1324,2,12,1,COMPLETO,,,
50,1342,2,12,1,COMPLETO,,,
51,1515,2,12,1,COMPLETO,,,
52,1402,2,12,1,COMPLETO,,,
56,4410,2,12,1,COMPLETO,,,
54,1458,2,12,1,COMPLETO,,2025-11-29 09:20:09.532313,
58,1486,2,12,1,COMPLETO,,,
59,1657,2,12,1,COMPLETO,,,
60,1587,2,12,1,COMPLETO,,,
61,1722,2,12,1,COMPLETO,,,
62,1291,2,12,1,COMPLETO,,,
63,1306,2,12,1,COMPLETO,,,
64,1583,2,12,1,COMPLETO,,,
65,1416,2,12,1,COMPLETO,,,
66,1574,2,12,1,COMPLETO,,,
67,1535,2,12,1,COMPLETO,,,
68,1834,2,12,1,COMPLETO,,,
69,1479,2,12,1,COMPLETO,,,
70,1674,2,12,1,COMPLETO,,,
73,1316,2,12,1,COMPLETO,,,
74,1411,2,12,1,COMPLETO,,,
75,4413,2,12,1,COMPLETO,,2025-11-29 09:35:20.264278,
77,1576,2,12,1,COMPLETO,,,
78,1422,2,12,1,COMPLETO,,,
79,1805,2,12,1,COMPLETO,,,
80,1782,2,12,1,COMPLETO,,,
55,1533,2,12,1,COMPLETO,,2025-11-29 09:40:36.352908,
82,1338,2,12,1,COMPLETO,,,
83,1775,2,12,1,COMPLETO,,,
84,1566,2,12,1,COMPLETO,,,
85,4414,2,12,1,COMPLETO,,2025-11-29 09:42:21.002435,
88,1500,2,12,1,COMPLETO,,,
89,1071,2,12,1,COMPLETO,,,
90,1703,2,12,1,COMPLETO,,,
91,1292,2,12,1,COMPLETO,,,
92,1103,2,12,1,COMPLETO,,,
93,1776,2,12,1,COMPLETO,,,
94,1777,2,12,1,COMPLETO,,,
95,1434,2,12,1,COMPLETO,,,
96,1405,2,12,1,COMPLETO,,,
97,1708,2,12,1,COMPLETO,,,
98,1013,2,12,1,COMPLETO,,,
99,1706,2,12,1,COMPLETO,,,
100,1750,2,12,1,COMPLETO,,,
101,1133,2,12,1,COMPLETO,,,
104,1824,2,12,1,COMPLETO,,,
106,1570,2,12,1,COMPLETO,,,
107,1513,2,12,1,COMPLETO,,,
108,1460,2,12,1,COMPLETO,,,
109,1573,2,12,1,COMPLETO,,,
110,4417,2,12,1,COMPLETO,,,
111,1590,2,12,1,COMPLETO,,,
112,1509,2,12,1,COMPLETO,,,
113,1263,2,12,1,COMPLETO,,2025-11-29 09:52:17.230360,
115,1760,2,12,1,COMPLETO,,,
116,1589,2,12,1,COMPLETO,,,
117,1328,2,12,1,COMPLETO,,,
118,1508,2,12,1,COMPLETO,,,
119,4418,2,12,1,COMPLETO,,,
120,1817,2,12,1,COMPLETO,,,
121,1208,2,12,1,COMPLETO,,,
122,4419,2,12,1,COMPLETO,,,
123,1536,2,12,1,COMPLETO,,,
124,1781,2,12,1,COMPLETO,,,
125,1520,2,12,1,COMPLETO,,,
126,1519,2,12,1,COMPLETO,,,
87,1550,2,12,1,COMPLETO,,2025-12-01 12:06:42.586065,
127,1552,2,12,1,COMPLETO,,,
128,1523,2,12,1,COMPLETO,,,
129,1759,2,12,1,COMPLETO,,,
130,1421,2,12,1,COMPLETO,,,
131,1560,2,12,1,COMPLETO,,,
132,1561,2,12,1,COMPLETO,,,
133,1582,2,12,1,COMPLETO,,,
134,1447,2,12,1,COMPLETO,,,
135,1147,2,12,1,COMPLETO,,,
53,1317,2,12,1,COMPLETO,,2025-11-29 10:04:06.681589,
137,1551,2,12,1,COMPLETO,,,
138,1747,2,12,1,COMPLETO,,,
139,1704,2,12,1,COMPLETO,,,
140,1710,2,12,1,COMPLETO,,,
141,1145,2,12,1,COMPLETO,,,
142,1446,2,12,1,COMPLETO,,,
144,1467,2,12,1,COMPLETO,,,
145,1558,2,12,1,COMPLETO,,,
146,1429,2,12,1,COMPLETO,,,
147,1494,2,12,1,COMPLETO,,,
148,1766,2,12,1,COMPLETO,,,
149,1093,2,12,1,COMPLETO,,,
150,1146,2,12,1,COMPLETO,,,
151,1521,2,12,1,COMPLETO,,,
152,1830,2,12,1,COMPLETO,,,
153,1139,2,12,1,COMPLETO,,,
154,1206,2,12,1,COMPLETO,,,
156,1660,2,12,1,COMPLETO,,,
157,1012,2,12,1,COMPLETO,,,
158,1714,2,12,1,COMPLETO,,,
159,1420,2,12,1,COMPLETO,,,
160,1757,2,12,1,COMPLETO,,,
161,1700,2,12,1,COMPLETO,,,
162,4421,2,12,1,COMPLETO,"NÃO É REFEITÓRIO MODULAR, MAS CORREDOR DE CONVIVENCIA DOS ALUNOS.",,
163,1651,2,12,1,COMPLETO,"NÃO É REFEITÓRIO MODULAR, MAS CORREDOR DE CONVIVENCIA DOS ALUNOS.",,
164,1833,2,12,1,COMPLETO,"NÃO É REFEITÓRIO MODULAR, MAS CORREDOR DE CONVIVENCIA DOS ALUNOS.",,
165,1246,2,12,1,COMPLETO,"NÃO É REFEITÓRIO MODULAR, MAS CORREDOR DE CONVIVENCIA DOS ALUNOS.",,
166,1051,2,12,1,COMPLETO,"NÃO É REFEITÓRIO MODULAR, MAS CORREDOR DE CONVIVENCIA DOS ALUNOS.",,
167,1635,2,12,1,COMPLETO,"NÃO É REFEITÓRIO MODULAR, MAS CORREDOR DE CONVIVENCIA DOS ALUNOS.",,
168,4423,2,12,1,COMPLETO,"NÃO É REFEITÓRIO MODULAR, MAS CORREDOR DE CONVIVENCIA DOS ALUNOS.",,
169,1603,2,12,1,COMPLETO,"NÃO É REFEITÓRIO MODULAR, MAS CORREDOR DE CONVIVENCIA DOS ALUNOS.",,
170,1763,2,12,1,COMPLETO,"NÃO É REFEITÓRIO MODULAR, MAS CORREDOR DE CONVIVENCIA DOS ALUNOS.",,
171,1037,2,12,1,COMPLETO,"NÃO É REFEITÓRIO MODULAR, MAS CORREDOR DE CONVIVENCIA DOS ALUNOS.",,
172,1075,2,12,1,COMPLETO,"NÃO É REFEITÓRIO MODULAR, MAS CORREDOR DE CONVIVENCIA DOS ALUNOS.",,
173,1230,2,12,1,COMPLETO,,,
174,1231,2,12,1,COMPLETO,,,
175,1199,2,12,1,COMPLETO,,,
177,4425,2,12,1,COMPLETO,,,
178,1595,2,12,1,COMPLETO,,,
179,1218,2,12,1,COMPLETO,,,
180,1809,2,12,1,COMPLETO,,,
181,1267,2,12,1,COMPLETO,,,
182,1748,2,12,1,COMPLETO,,,
183,1648,2,12,1,COMPLETO,,,
184,1388,2,12,1,COMPLETO,,,
185,1272,2,12,1,COMPLETO,,,
186,1736,2,12,1,COMPLETO,,,
187,1727,2,12,1,COMPLETO,,,
188,4427,2,12,1,COMPLETO,,,
189,1715,2,12,1,COMPLETO,,,
190,1543,2,12,1,COMPLETO,,,
191,1295,2,12,1,COMPLETO,,,
192,1491,2,12,1,COMPLETO,,,
193,1627,2,12,1,COMPLETO,,,
194,1822,2,12,1,COMPLETO,,,
195,1264,2,12,1,COMPLETO,,,
196,1699,2,12,1,COMPLETO,,,
197,1516,2,12,1,COMPLETO,,,
198,1274,2,12,1,COMPLETO,,,
199,1698,2,12,1,COMPLETO,,,
200,1493,2,12,1,COMPLETO,,,
201,1724,2,12,1,COMPLETO,,,
202,1475,2,12,1,COMPLETO,,,
204,1398,2,12,1,COMPLETO,,,
205,1270,2,12,1,COMPLETO,,,
206,1725,2,12,1,COMPLETO,,,
207,1702,2,12,1,COMPLETO,,,
208,1531,2,12,1,COMPLETO,,,
209,1622,2,12,1,COMPLETO,,,
210,1011,2,12,1,COMPLETO,,,
211,1670,2,12,1,COMPLETO,,,
212,1647,2,12,1,COMPLETO,,,
213,1300,2,12,1,COMPLETO,,,
214,1303,2,12,1,COMPLETO,,,
215,1596,2,12,1,COMPLETO,,,
216,1215,2,12,1,COMPLETO,,,
217,1235,2,12,1,COMPLETO,,,
218,1240,2,12,1,COMPLETO,,,
219,1646,2,12,1,COMPLETO,,,
220,1756,2,12,1,COMPLETO,,,
221,4431,2,12,1,COMPLETO,,,
222,1637,2,12,1,COMPLETO,,,
223,1229,2,12,1,COMPLETO,,,
224,4434,2,12,1,COMPLETO,"Leitor reconheceu cod barras, mas está com etiqueta velha, nº ilegivel.",,
225,1257,2,12,1,COMPLETO,,,
226,1752,2,12,1,COMPLETO,,,
227,1675,2,12,1,COMPLETO,,,
228,1394,2,12,1,COMPLETO,,,
229,1135,2,12,1,COMPLETO,,,
230,1650,2,12,1,COMPLETO,,,
231,1271,2,12,1,COMPLETO,,,
232,4436,2,12,1,COMPLETO,"Leitor reconheceu cod barras, mas está com etiqueta velha, nº ilegível.",,
233,1237,2,12,1,COMPLETO,,,
234,1286,2,12,1,COMPLETO,,,
235,1619,2,12,1,COMPLETO,,,
236,1601,2,12,1,COMPLETO,,,
237,1806,2,12,1,COMPLETO,,,
238,1154,2,12,1,COMPLETO,"Leitor reconheceu cod barras, mas está com etiqueta velha, nº ilegível e cod barras quase totalmente apagado.",,
239,1807,2,12,1,COMPLETO,,,
240,1203,2,12,1,COMPLETO,,,
241,1814,2,12,1,COMPLETO,,,
242,1252,2,12,1,COMPLETO,,,
243,1297,2,12,1,COMPLETO,,,
244,1304,2,12,1,COMPLETO,,,
245,1511,2,12,1,COMPLETO,,,
246,1605,2,12,1,COMPLETO,,,
247,1200,2,12,1,COMPLETO,,,
248,1243,2,12,1,COMPLETO,,,
249,1261,2,12,1,COMPLETO,,,
250,1314,2,12,1,COMPLETO,,,
251,1498,2,12,1,COMPLETO,,,
252,1021,2,12,1,COMPLETO,,,
253,1249,2,12,1,COMPLETO,,,
254,1242,2,12,1,COMPLETO,,,
255,1275,2,12,1,COMPLETO,,,
256,1140,2,12,1,COMPLETO,,,
257,1649,2,12,1,COMPLETO,,,
258,1220,2,12,1,COMPLETO,,,
259,1310,2,12,1,COMPLETO,,,
260,1360,2,12,1,COMPLETO,,,
261,4432,2,12,1,COMPLETO,,,
262,1669,2,12,1,COMPLETO,,,
263,4438,2,12,1,COMPLETO,,,
264,1554,2,12,1,COMPLETO,,,
265,1789,2,12,1,COMPLETO,,,
266,1248,2,12,1,COMPLETO,,,
268,1182,2,12,1,COMPLETO,Cod barras ilegivel.,,
269,4439,2,12,1,COMPLETO,"Já estava coletado. Porém, na B6 tem novamente a cadeira com esse n. PAT e eu Rosana atualizei o cadastro, pois item composto foi cadastrado somente com cadeira e não cadeira e mesa. Mas aparentemente está duplicado, pois foi coletado no sábado.",,
270,1762,2,12,1,COMPLETO,,,
271,1282,2,12,1,COMPLETO,,,
272,1339,2,12,1,COMPLETO,,,
273,4441,2,12,1,COMPLETO,,,
274,1009,2,12,1,COMPLETO,,,
275,4444,2,12,1,COMPLETO,,,
277,1487,2,12,1,COMPLETO,,,
278,1370,2,12,1,COMPLETO,,,
279,1357,2,12,1,COMPLETO,,,
280,1661,2,12,1,COMPLETO,,,
281,1786,2,12,1,COMPLETO,,,
282,1213,2,12,1,COMPLETO,,,
283,1470,2,12,1,COMPLETO,,,
284,1579,2,12,1,COMPLETO,,,
143,1790,2,12,1,COMPLETO,"item duplicado? Mesa acusou como já registrada, mas agora que estou coletando na B6.",2025-12-01 11:43:21.970894,
286,1309,2,12,1,COMPLETO,,,
287,1035,2,12,1,COMPLETO,,,
288,1740,2,12,1,COMPLETO,,,
289,1741,2,12,1,COMPLETO,,,
291,4447,2,12,1,COMPLETO,,,
292,1774,2,12,1,COMPLETO,,,
293,1435,2,12,1,COMPLETO,,,
294,1386,2,12,1,COMPLETO,,,
295,4449,2,12,1,COMPLETO,,,
296,1636,2,12,1,COMPLETO,,,
297,1769,2,12,1,COMPLETO,,,
298,1802,2,12,1,COMPLETO,,,
299,1659,2,12,1,COMPLETO,,,
300,1322,2,12,1,COMPLETO,,,
301,1791,2,12,1,COMPLETO,,,
302,1820,2,12,1,COMPLETO,,,
267,1799,2,12,1,COMPLETO,,2025-12-01 11:52:09.614397,
304,1707,2,12,1,COMPLETO,,,
305,1654,2,12,1,COMPLETO,,,
306,1201,2,12,1,COMPLETO,,,
307,1496,2,12,1,COMPLETO,,,
308,1783,2,12,1,COMPLETO,,,
309,4451,2,12,1,COMPLETO,,,
310,1610,2,12,1,COMPLETO,,,
311,1311,2,12,1,COMPLETO,,,
312,1768,2,12,1,COMPLETO,,,
313,1363,2,12,1,COMPLETO,,,
314,1580,2,12,1,COMPLETO,,,
315,1225,2,12,1,COMPLETO,,,
316,1412,2,12,1,COMPLETO,,,
317,1815,2,12,1,COMPLETO,,,
318,1562,2,12,1,COMPLETO,,,
319,1196,2,12,1,COMPLETO,,,
320,4453,2,12,1,COMPLETO,,,
321,1798,2,12,1,COMPLETO,,,
322,1351,2,12,1,COMPLETO,,,
323,1758,2,12,1,COMPLETO,,,
324,1645,2,12,1,COMPLETO,,,
326,1301,2,12,1,COMPLETO,,,
327,1600,2,12,1,COMPLETO,,,
328,1767,2,12,1,COMPLETO,,,
329,1788,2,12,1,COMPLETO,,,
330,1529,2,12,1,COMPLETO,,,
331,1302,2,12,1,COMPLETO,,,
332,4456,2,12,1,COMPLETO,,,
333,4455,2,12,1,COMPLETO,"CADEIRA NA B6, mas mesa já estava registrada no sábado. O cadastro composto foi feito só da mesa e tive que alterar e por esse motivo precisei registrar novamente a mesa, pois deletou. Não identifiquei onde foi coletada antes.",,
334,1770,2,12,1,COMPLETO,,,
335,1111,2,12,1,COMPLETO,,,
336,1396,2,12,1,COMPLETO,,,
337,1456,2,12,1,COMPLETO,,,
338,1634,2,12,1,COMPLETO,,,
339,1400,2,12,1,COMPLETO,,,
340,1387,2,12,1,COMPLETO,,,
341,1606,2,12,1,COMPLETO,,,
342,4458,2,12,1,COMPLETO,,,
343,1169,2,12,1,COMPLETO,,,
344,1632,2,12,1,COMPLETO,,,
345,1346,2,12,1,COMPLETO,,,
346,1219,2,12,1,COMPLETO,,,
347,1390,2,12,1,COMPLETO,,,
348,1361,2,12,1,COMPLETO,,,
349,4454,2,12,1,COMPLETO,Tampo 1 pouco descascado,,
350,1391,2,12,1,COMPLETO,,,
351,1608,2,12,1,COMPLETO,Mesa com tampo e MDP retirado. Buraco no tampo.,2025-12-02 07:05:29.040159,
353,1266,2,12,1,COMPLETO,,,
354,4460,2,12,1,COMPLETO,,,
355,4461,2,12,1,COMPLETO,,,
356,1836,2,12,1,COMPLETO,,,
357,1364,2,12,1,COMPLETO,,,
358,1381,2,12,1,COMPLETO,,,
359,1556,2,12,1,COMPLETO,Tampo todo retirado. MDP totalmente aparente.,,
360,4463,2,12,1,COMPLETO,,,
361,1832,2,12,1,COMPLETO,,,
362,4443,2,12,1,COMPLETO,,,
363,1344,2,12,1,COMPLETO,,,
365,4465,2,12,1,COMPLETO,,,
366,4466,2,12,1,COMPLETO,,,
367,1837,2,12,1,COMPLETO,,,
368,1594,2,12,1,COMPLETO,,,
369,1326,2,12,1,COMPLETO,,,
370,1106,2,12,1,COMPLETO,,,
371,1615,2,12,1,COMPLETO,,,
372,1174,2,12,1,COMPLETO,etiq apagada,,
373,4467,2,12,1,COMPLETO,Duplicado na  B7,2025-12-02 07:26:21.923648,
376,1584,2,12,1,COMPLETO,,2025-12-02 07:51:37.517280,
375,1633,2,12,1,COMPLETO,,2025-12-02 07:52:21.320335,
377,1653,2,12,1,COMPLETO,,2025-12-02 07:53:44.867847,
378,4470,2,12,1,COMPLETO,,2025-12-02 07:54:01.186839,
379,4472,2,12,1,COMPLETO,,2025-12-02 07:54:24.193595,
385,1643,2,12,1,COMPLETO,,,
386,4474,2,12,1,COMPLETO,,,
387,1497,2,12,1,COMPLETO,,,
388,1234,2,12,1,COMPLETO,,,
389,1063,2,12,1,COMPLETO,,,
390,1436,2,12,1,COMPLETO,,,
391,4475,2,12,1,COMPLETO,,,
392,1641,2,12,1,COMPLETO,,,
393,4478,2,12,1,COMPLETO,,,
290,4446,2,12,1,COMPLETO,,2026-01-19 08:28:19.018481,SALA DE AULA B9 - SALA DE AULA B9(IFMT - PDL)
394,1345,2,12,1,COMPLETO,,,
395,1365,2,12,1,COMPLETO,,,
396,2327,2,14,1,COMPLETO,,,
397,2317,2,14,1,COMPLETO,,,
398,2343,2,14,1,COMPLETO,,,
399,2321,2,14,1,COMPLETO,,,
400,2341,2,14,1,COMPLETO,,,
401,2329,2,14,1,COMPLETO,,,
402,2311,2,14,1,COMPLETO,,,
403,2313,2,14,1,COMPLETO,,,
404,2309,2,14,1,COMPLETO,,,
405,2325,2,14,1,COMPLETO,,,
406,2333,2,14,1,COMPLETO,,,
407,2315,2,14,1,COMPLETO,,,
408,2339,2,14,1,COMPLETO,,,
409,2331,2,14,1,COMPLETO,,,
410,2307,2,14,1,COMPLETO,,,
411,2335,2,14,1,COMPLETO,,2025-12-05 09:22:21.630192,
413,2323,2,14,1,COMPLETO,,,
414,2345,2,14,1,COMPLETO,,,
415,2319,2,14,1,COMPLETO,,2025-12-05 11:23:05.669564,
418,2223,2,7,1,COMPLETO,,,
419,2222,2,7,1,COMPLETO,,,
420,2213,2,7,1,COMPLETO,,,
421,2212,2,7,1,COMPLETO,,,
423,1512,2,11,1,COMPLETO,,,
425,1372,2,11,1,COMPLETO,,,
428,1528,2,11,1,COMPLETO,,2026-01-12 18:58:21.834657,SALA DE AULA B1 - SALA DE AULA B1(IFMT - PDL)
429,1502,2,11,1,COMPLETO,,2026-01-12 18:58:37.398491,SALA DE AULA B1 - SALA DE AULA B1(IFMT - PDL)
424,1640,2,11,1,COMPLETO,,2026-01-12 18:58:59.177735,SALA DE AULA B1 - SALA DE AULA B1(IFMT - PDL)
422,4568,2,11,1,COMPLETO,,2026-01-12 18:59:10.988452,SALA DE AULA B1 - SALA DE AULA B1(IFMT - PDL)
426,1444,2,11,1,COMPLETO,,2026-01-12 18:59:22.784599,SALA DE AULA B1 - SALA DE AULA B1(IFMT - PDL)
427,4591,2,11,1,COMPLETO,,2026-01-12 18:59:34.830310,SALA DE AULA B1 - SALA DE AULA B1(IFMT - PDL)
436,4452,2,11,1,COMPLETO,,2026-01-12 18:59:53.564266,SALA DE AULA B1 - SALA DE AULA B1(IFMT - PDL)
437,1382,2,11,1,COMPLETO,,2026-01-12 19:00:02.013337,SALA DE AULA B1 - SALA DE AULA B1(IFMT - PDL)
438,4548,2,11,1,COMPLETO,,2026-01-13 10:10:29.889672,SALA DE AULA B1 - SALA DE AULA B1(IFMT - PDL)
439,4585,2,11,1,COMPLETO,,2026-01-13 10:10:41.763415,SALA DE AULA B1 - SALA DE AULA B1(IFMT - PDL)
440,4565,2,11,1,COMPLETO,,2026-01-13 10:10:53.362825,SALA DE AULA B1 - SALA DE AULA B1(IFMT - PDL)
441,4609,2,11,1,COMPLETO,,2026-01-13 10:11:16.511645,SALA DE AULA B1 - SALA DE AULA B1(IFMT - PDL)
442,1742,2,11,1,COMPLETO,,2026-01-13 10:11:25.344177,SALA DE AULA B1 - SALA DE AULA B1(IFMT - PDL)
443,1226,2,11,1,COMPLETO,,2026-01-13 10:12:30.464780,SALA DE AULA B1 - SALA DE AULA B1(IFMT - PDL)
444,4572,2,11,1,COMPLETO,,2026-01-13 10:12:49.398910,SALA DE AULA B1 - SALA DE AULA B1(IFMT - PDL)
445,4476,2,11,1,COMPLETO,,2026-01-13 10:33:58.583644,SALA DE AULA B1 - SALA DE AULA B1(IFMT - PDL)
446,4583,2,11,1,COMPLETO,,2026-01-13 10:34:06.869927,SALA DE AULA B1 - SALA DE AULA B1(IFMT - PDL)
447,4580,2,11,1,COMPLETO,,2026-01-13 10:34:17.270146,SALA DE AULA B1 - SALA DE AULA B1(IFMT - PDL)
448,1592,2,11,1,COMPLETO,,2026-01-13 10:34:28.974755,SALA DE AULA B1 - SALA DE AULA B1(IFMT - PDL)
449,1320,2,11,1,COMPLETO,,2026-01-13 10:34:43.332812,SALA DE AULA B1 - SALA DE AULA B1(IFMT - PDL)
450,1198,2,11,1,COMPLETO,,2026-01-13 10:34:53.608250,SALA DE AULA B1 - SALA DE AULA B1(IFMT - PDL)
451,4557,2,11,1,COMPLETO,,2026-01-13 10:35:06.391514,SALA DE AULA B1 - SALA DE AULA B1(IFMT - PDL)
452,1664,2,11,1,COMPLETO,,2026-01-13 10:35:18.168769,SALA DE AULA B1 - SALA DE AULA B1(IFMT - PDL)
453,4581,2,11,1,COMPLETO,,2026-01-13 10:35:31.518607,SALA DE AULA B1 - SALA DE AULA B1(IFMT - PDL)
364,1609,2,12,1,COMPLETO,,2026-01-13 10:35:56.760658,SALA DE AULA B1 - SALA DE AULA B1(IFMT - PDL)
455,4521,2,11,1,COMPLETO,,2026-01-13 10:36:10.637936,SALA DE AULA B1 - SALA DE AULA B1(IFMT - PDL)
456,4500,2,11,1,COMPLETO,,2026-01-13 10:36:19.949531,SALA DE AULA B1 - SALA DE AULA B1(IFMT - PDL)
457,4524,2,11,1,COMPLETO,,2026-01-13 10:36:31.791737,SALA DE AULA B1 - SALA DE AULA B1(IFMT - PDL)
458,4504,2,11,1,COMPLETO,,2026-01-13 10:36:40.126238,SALA DE AULA B1 - SALA DE AULA B1(IFMT - PDL)
459,1585,2,11,1,COMPLETO,,2026-01-13 10:36:50.550624,SALA DE AULA B1 - SALA DE AULA B1(IFMT - PDL)
460,1663,2,11,1,COMPLETO,,2026-01-13 10:40:09.380286,SALA DE AULA B1 - SALA DE AULA B1(IFMT - PDL)
461,1677,2,11,1,COMPLETO,,2026-01-13 10:40:17.458618,SALA DE AULA B1 - SALA DE AULA B1(IFMT - PDL)
462,1613,2,11,1,COMPLETO,,2026-01-13 10:40:26.833492,SALA DE AULA B1 - SALA DE AULA B1(IFMT - PDL)
463,1325,2,11,1,COMPLETO,,2026-01-13 10:41:11.369960,SALA DE AULA B1 - SALA DE AULA B1(IFMT - PDL)
464,1181,2,11,1,COMPLETO,,2026-01-13 10:41:25.953028,SALA DE AULA B1 - SALA DE AULA B1(IFMT - PDL)
465,1197,2,11,1,COMPLETO,,2026-01-13 10:41:32.192679,SALA DE AULA B1 - SALA DE AULA B1(IFMT - PDL)
466,1597,2,11,1,COMPLETO,,2026-01-13 10:41:38.835811,SALA DE AULA B1 - SALA DE AULA B1(IFMT - PDL)
467,4538,2,11,1,COMPLETO,,2026-01-13 10:41:46.582189,SALA DE AULA B1 - SALA DE AULA B1(IFMT - PDL)
468,4488,2,11,1,COMPLETO,,2026-01-13 10:42:10.401962,SALA DE AULA B1 - SALA DE AULA B1(IFMT - PDL)
469,4515,2,11,1,COMPLETO,,2026-01-13 10:42:18.297446,SALA DE AULA B1 - SALA DE AULA B1(IFMT - PDL)
470,1367,2,11,1,COMPLETO,,2026-01-13 10:42:25.568545,SALA DE AULA B1 - SALA DE AULA B1(IFMT - PDL)
471,1131,2,11,1,COMPLETO,,2026-01-13 10:42:35.488335,SALA DE AULA B1 - SALA DE AULA B1(IFMT - PDL)
472,1437,2,11,1,COMPLETO,,2026-01-13 10:42:41.904073,SALA DE AULA B1 - SALA DE AULA B1(IFMT - PDL)
473,4512,2,11,1,COMPLETO,,2026-01-13 10:42:48.330245,SALA DE AULA B1 - SALA DE AULA B1(IFMT - PDL)
474,1621,2,11,1,COMPLETO,,2026-01-13 10:42:55.736957,SALA DE AULA B1 - SALA DE AULA B1(IFMT - PDL)
475,1731,2,11,1,COMPLETO,,2026-01-13 10:43:05.192471,SALA DE AULA B1 - SALA DE AULA B1(IFMT - PDL)
476,4517,2,11,1,COMPLETO,,2026-01-13 10:43:13.200648,SALA DE AULA B1 - SALA DE AULA B1(IFMT - PDL)
477,1631,2,11,1,COMPLETO,,2026-01-13 10:43:19.680118,SALA DE AULA B1 - SALA DE AULA B1(IFMT - PDL)
478,1287,2,11,1,COMPLETO,,2026-01-13 10:43:29.888208,SALA DE AULA B1 - SALA DE AULA B1(IFMT - PDL)
479,1227,2,11,1,COMPLETO,,2026-01-13 10:44:01.631061,SALA DE AULA B1 - SALA DE AULA B1(IFMT - PDL)
480,4513,2,11,1,COMPLETO,,2026-01-13 10:44:08.071236,SALA DE AULA B1 - SALA DE AULA B1(IFMT - PDL)
481,1389,2,11,1,COMPLETO,,2026-01-13 10:44:16.915068,SALA DE AULA B1 - SALA DE AULA B1(IFMT - PDL)
482,1369,2,11,1,COMPLETO,,2026-01-13 10:44:25.735860,SALA DE AULA B1 - SALA DE AULA B1(IFMT - PDL)
483,4486,2,11,1,COMPLETO,,2026-01-13 10:44:33.790239,SALA DE AULA B1 - SALA DE AULA B1(IFMT - PDL)
484,4544,2,11,1,COMPLETO,,2026-01-13 10:44:42.015538,SALA DE AULA B1 - SALA DE AULA B1(IFMT - PDL)
276,1217,2,12,1,COMPLETO,,2026-01-13 14:01:34.501643,SALA DE AULA B2 - SALA DE AULA B2(IFMT - PDL)
486,1244,2,11,1,COMPLETO,,2026-01-13 14:01:52.753330,SALA DE AULA B2 - SALA DE AULA B2(IFMT - PDL)
487,1202,2,11,1,COMPLETO,,2026-01-13 14:02:06.322199,SALA DE AULA B2 - SALA DE AULA B2(IFMT - PDL)
488,1232,2,11,1,COMPLETO,,2026-01-13 14:05:05.669407,SALA DE AULA B2 - SALA DE AULA B2(IFMT - PDL)
489,1284,2,11,1,COMPLETO,,2026-01-13 14:05:16.746713,SALA DE AULA B2 - SALA DE AULA B2(IFMT - PDL)
490,4553,2,11,1,COMPLETO,,2026-01-13 14:05:46.117599,SALA DE AULA B2 - SALA DE AULA B2(IFMT - PDL)
491,1672,2,11,1,COMPLETO,,2026-01-13 14:05:54.796210,SALA DE AULA B2 - SALA DE AULA B2(IFMT - PDL)
492,1216,2,11,1,COMPLETO,,2026-01-13 14:06:50.337046,SALA DE AULA B2 - SALA DE AULA B2(IFMT - PDL)
494,1204,2,11,1,COMPLETO,,2026-01-13 14:07:28.699499,SALA DE AULA B2 - SALA DE AULA B2(IFMT - PDL)
495,1406,2,11,1,COMPLETO,,2026-01-13 14:07:37.524004,SALA DE AULA B2 - SALA DE AULA B2(IFMT - PDL)
496,1260,2,11,1,COMPLETO,,2026-01-13 14:07:49.657359,SALA DE AULA B2 - SALA DE AULA B2(IFMT - PDL)
497,1016,2,11,1,COMPLETO,,2026-01-13 14:07:58.669955,SALA DE AULA B2 - SALA DE AULA B2(IFMT - PDL)
498,1426,2,11,1,COMPLETO,,2026-01-13 14:09:37.411605,SALA DE AULA B2 - SALA DE AULA B2(IFMT - PDL)
499,1336,2,11,1,COMPLETO,,2026-01-13 14:09:46.600606,SALA DE AULA B2 - SALA DE AULA B2(IFMT - PDL)
500,1268,2,11,1,COMPLETO,,2026-01-13 14:09:54.655446,SALA DE AULA B2 - SALA DE AULA B2(IFMT - PDL)
501,1348,2,11,1,COMPLETO,,2026-01-13 14:10:20.751755,SALA DE AULA B2 - SALA DE AULA B2(IFMT - PDL)
502,1618,2,11,1,COMPLETO,,2026-01-13 14:10:27.562502,SALA DE AULA B2 - SALA DE AULA B2(IFMT - PDL)
503,1546,2,11,1,COMPLETO,,2026-01-13 14:10:37.317881,SALA DE AULA B2 - SALA DE AULA B2(IFMT - PDL)
504,1557,2,11,1,COMPLETO,,2026-01-13 14:20:57.350340,SALA DE AULA B2 - SALA DE AULA B2(IFMT - PDL)
505,1673,2,11,1,COMPLETO,,2026-01-13 14:21:28.651645,SALA DE AULA B2 - SALA DE AULA B2(IFMT - PDL)
506,4448,2,11,1,COMPLETO,,2026-01-13 14:24:08.871407,SALA DE AULA B2 - SALA DE AULA B2(IFMT - PDL)
507,1461,2,11,1,COMPLETO,,2026-01-13 14:24:22.521190,SALA DE AULA B2 - SALA DE AULA B2(IFMT - PDL)
508,1425,2,11,1,COMPLETO,,2026-01-13 14:26:52.693263,SALA DE AULA B2 - SALA DE AULA B2(IFMT - PDL)
509,1539,2,11,1,COMPLETO,,2026-01-13 14:27:17.823973,SALA DE AULA B2 - SALA DE AULA B2(IFMT - PDL)
510,4498,2,11,1,COMPLETO,,2026-01-13 14:27:44.422946,SALA DE AULA B2 - SALA DE AULA B2(IFMT - PDL)
176,1662,2,12,1,COMPLETO,,2026-01-19 07:44:04.295281,SALA DE AULA B1 - SALA DE AULA B1(IFMT - PDL)
512,1239,2,11,1,COMPLETO,,2026-01-19 07:50:07.560428,SALA DE AULA B2 - SALA DE AULA B2(IFMT - PDL)
513,1473,2,11,1,COMPLETO,,2026-01-19 07:52:38.008265,SALA DE AULA B2 - SALA DE AULA B2(IFMT - PDL)
514,1484,2,11,1,COMPLETO,,2026-01-19 08:00:12.311478,SALA DE AULA B2 - SALA DE AULA B2(IFMT - PDL)
515,1350,2,11,1,COMPLETO,,2026-01-19 08:00:23.812528,SALA DE AULA B8 - SALA DE AULA B8(IFMT - PDL)
516,4577,2,11,1,COMPLETO,,2026-01-19 08:01:49.235728,SALA DE AULA B8 - SALA DE AULA B8(IFMT - PDL)
517,4501,2,11,1,COMPLETO,,2026-01-19 08:02:03.079512,SALA DE AULA B8 - SALA DE AULA B8(IFMT - PDL)
518,4569,2,11,1,COMPLETO,,2026-01-19 08:02:16.867307,SALA DE AULA B8 - SALA DE AULA B8(IFMT - PDL)
519,1474,2,11,1,COMPLETO,,2026-01-19 08:02:27.513547,SALA DE AULA B8 - SALA DE AULA B8(IFMT - PDL)
520,4560,2,11,1,COMPLETO,,2026-01-19 08:02:36.305985,SALA DE AULA B8 - SALA DE AULA B8(IFMT - PDL)
521,4603,2,11,1,COMPLETO,,2026-01-19 08:02:44.485641,SALA DE AULA B8 - SALA DE AULA B8(IFMT - PDL)
522,1098,2,11,1,COMPLETO,,2026-01-19 08:02:52.195329,SALA DE AULA B8 - SALA DE AULA B8(IFMT - PDL)
523,1804,2,11,1,COMPLETO,,2026-01-19 08:03:02.266258,SALA DE AULA B8 - SALA DE AULA B8(IFMT - PDL)
524,4578,2,11,1,COMPLETO,,2026-01-19 08:03:10.338829,SALA DE AULA B8 - SALA DE AULA B8(IFMT - PDL)
525,4584,2,11,1,COMPLETO,,2026-01-19 08:03:16.691132,SALA DE AULA B8 - SALA DE AULA B8(IFMT - PDL)
526,1450,2,11,1,COMPLETO,,2026-01-19 08:03:25.194271,SALA DE AULA B8 - SALA DE AULA B8(IFMT - PDL)
527,4587,2,11,1,COMPLETO,,2026-01-19 08:03:42.744537,SALA DE AULA B8 - SALA DE AULA B8(IFMT - PDL)
528,4566,2,11,1,COMPLETO,,2026-01-19 08:04:20.513923,SALA DE AULA B8 - SALA DE AULA B8(IFMT - PDL)
529,4590,2,11,1,COMPLETO,,2026-01-19 08:04:36.753932,SALA DE AULA B8 - SALA DE AULA B8(IFMT - PDL)
530,4607,2,11,1,COMPLETO,,2026-01-19 08:04:44.049429,SALA DE AULA B8 - SALA DE AULA B8(IFMT - PDL)
531,4428,2,11,1,COMPLETO,,2026-01-19 08:05:03.868067,SALA DE AULA B8 - SALA DE AULA B8(IFMT - PDL)
532,4582,2,11,1,COMPLETO,,2026-01-19 08:05:20.982398,SALA DE AULA B8 - SALA DE AULA B8(IFMT - PDL)
533,1626,2,11,1,COMPLETO,,2026-01-19 08:05:31.968302,SALA DE AULA B8 - SALA DE AULA B8(IFMT - PDL)
534,4464,2,11,1,COMPLETO,,2026-01-19 08:05:41.360175,SALA DE AULA B8 - SALA DE AULA B8(IFMT - PDL)
535,4589,2,11,1,COMPLETO,,2026-01-19 08:05:48.449287,SALA DE AULA B8 - SALA DE AULA B8(IFMT - PDL)
536,4555,2,11,1,COMPLETO,,2026-01-19 08:06:10.024587,SALA DE AULA B8 - SALA DE AULA B8(IFMT - PDL)
537,4611,2,11,1,COMPLETO,,2026-01-19 08:06:23.990624,SALA DE AULA B8 - SALA DE AULA B8(IFMT - PDL)
538,1469,2,11,1,COMPLETO,,2026-01-19 08:06:34.040034,SALA DE AULA B2 - SALA DE AULA B2(IFMT - PDL)
539,1327,2,11,1,COMPLETO,,2026-01-19 08:06:40.065280,SALA DE AULA B8 - SALA DE AULA B8(IFMT - PDL)
540,1353,2,11,1,COMPLETO,,2026-01-19 08:06:46.536056,SALA DE AULA B2 - SALA DE AULA B2(IFMT - PDL)
541,1277,2,11,1,COMPLETO,,2026-01-19 08:06:56.129632,SALA DE AULA B2 - SALA DE AULA B2(IFMT - PDL)
542,4457,2,11,1,COMPLETO,,2026-01-19 08:06:57.976140,SALA DE AULA B8 - SALA DE AULA B8(IFMT - PDL)
543,4531,2,11,1,COMPLETO,,2026-01-19 08:07:08.901871,SALA DE AULA B2 - SALA DE AULA B2(IFMT - PDL)
544,1315,2,11,1,COMPLETO,,2026-01-19 08:07:21.692884,SALA DE AULA B2 - SALA DE AULA B2(IFMT - PDL)
545,1059,2,11,1,COMPLETO,,2026-01-19 08:07:31.248478,SALA DE AULA B8 - SALA DE AULA B8(IFMT - PDL)
546,4468,2,11,1,COMPLETO,,2026-01-19 08:07:33.561978,SALA DE AULA B2 - SALA DE AULA B2(IFMT - PDL)
547,1165,2,11,1,COMPLETO,,2026-01-19 08:07:40.607547,SALA DE AULA B8 - SALA DE AULA B8(IFMT - PDL)
548,4502,2,11,1,COMPLETO,,2026-01-19 08:07:47.494674,SALA DE AULA B2 - SALA DE AULA B2(IFMT - PDL)
549,4541,2,11,1,COMPLETO,,2026-01-19 08:07:49.310954,SALA DE AULA B8 - SALA DE AULA B8(IFMT - PDL)
550,4529,2,11,1,COMPLETO,,2026-01-19 08:07:58.772014,SALA DE AULA B2 - SALA DE AULA B2(IFMT - PDL)
551,1555,2,11,1,COMPLETO,,2026-01-19 08:08:08.984241,SALA DE AULA B2 - SALA DE AULA B2(IFMT - PDL)
552,1825,2,11,1,COMPLETO,,2026-01-19 08:08:16.967421,SALA DE AULA B8 - SALA DE AULA B8(IFMT - PDL)
553,1091,2,11,1,COMPLETO,,2026-01-19 08:08:25.438030,SALA DE AULA B8 - SALA DE AULA B8(IFMT - PDL)
554,4519,2,11,1,COMPLETO,,2026-01-19 08:08:35.493956,SALA DE AULA B8 - SALA DE AULA B8(IFMT - PDL)
555,1167,2,11,1,COMPLETO,,2026-01-19 08:08:41.893872,SALA DE AULA B8 - SALA DE AULA B8(IFMT - PDL)
556,1427,2,11,1,COMPLETO,,2026-01-19 08:08:51.733628,SALA DE AULA B8 - SALA DE AULA B8(IFMT - PDL)
559,4437,2,11,1,COMPLETO,,2026-01-19 08:17:40.218718,SALA DE AULA B8 - SALA DE AULA B8(IFMT - PDL)
561,4483,2,11,1,COMPLETO,,2026-01-19 08:17:56.768920,SALA DE AULA B8 - SALA DE AULA B8(IFMT - PDL)
566,1341,2,11,1,COMPLETO,,2026-01-19 08:18:41.925997,SALA DE AULA B8 - SALA DE AULA B8(IFMT - PDL)
568,1245,2,11,1,COMPLETO,,2026-01-19 08:18:51.057513,SALA DE AULA B8 - SALA DE AULA B8(IFMT - PDL)
570,4522,2,11,1,COMPLETO,,2026-01-19 08:18:59.119941,SALA DE AULA B8 - SALA DE AULA B8(IFMT - PDL)
572,4433,2,11,1,COMPLETO,,2026-01-19 08:19:09.703218,SALA DE AULA B8 - SALA DE AULA B8(IFMT - PDL)
586,1376,2,11,1,COMPLETO,,2026-01-19 08:23:54.728245,SALA DE AULA B9 - SALA DE AULA B9(IFMT - PDL)
585,1332,2,11,1,COMPLETO,,2026-01-19 08:24:33.997026,SALA DE AULA B9 - SALA DE AULA B9(IFMT - PDL)
584,1358,2,11,1,COMPLETO,,2026-01-19 08:24:50.217515,SALA DE AULA B9 - SALA DE AULA B9(IFMT - PDL)
583,1522,2,11,1,COMPLETO,,2026-01-19 08:25:05.977485,SALA DE AULA B9 - SALA DE AULA B9(IFMT - PDL)
582,1812,2,11,1,COMPLETO,,2026-01-19 08:25:18.615991,SALA DE AULA B9 - SALA DE AULA B9(IFMT - PDL)
581,1102,2,11,1,COMPLETO,,2026-01-19 08:25:29.850374,SALA DE AULA B9 - SALA DE AULA B9(IFMT - PDL)
580,4547,2,11,1,COMPLETO,,2026-01-19 08:26:21.427297,SALA DE AULA B9 - SALA DE AULA B9(IFMT - PDL)
579,1630,2,11,1,COMPLETO,,2026-01-19 08:26:42.635227,SALA DE AULA B9 - SALA DE AULA B9(IFMT - PDL)
578,4550,2,11,1,COMPLETO,,2026-01-19 08:27:03.494377,SALA DE AULA B9 - SALA DE AULA B9(IFMT - PDL)
577,4600,2,11,1,COMPLETO,,2026-01-19 08:27:21.087339,SALA DE AULA B9 - SALA DE AULA B9(IFMT - PDL)
576,4588,2,11,1,COMPLETO,,2026-01-19 08:27:44.682036,SALA DE AULA B9 - SALA DE AULA B9(IFMT - PDL)
575,4571,2,11,1,COMPLETO,,2026-01-19 08:28:35.385218,SALA DE AULA B9 - SALA DE AULA B9(IFMT - PDL)
574,1042,2,11,1,COMPLETO,,2026-01-19 08:29:08.817140,SALA DE AULA B9 - SALA DE AULA B9(IFMT - PDL)
573,4602,2,11,1,COMPLETO,,2026-01-19 08:29:21.805114,SALA DE AULA B9 - SALA DE AULA B9(IFMT - PDL)
571,1250,2,11,1,COMPLETO,,2026-01-19 08:29:35.362188,SALA DE AULA B9 - SALA DE AULA B9(IFMT - PDL)
569,1334,2,11,1,COMPLETO,,2026-01-19 08:29:56.278295,SALA DE AULA B9 - SALA DE AULA B9(IFMT - PDL)
567,1330,2,11,1,COMPLETO,,2026-01-19 08:30:06.929240,SALA DE AULA B9 - SALA DE AULA B9(IFMT - PDL)
565,4564,2,11,1,COMPLETO,,2026-01-19 08:30:29.230072,SALA DE AULA B9 - SALA DE AULA B9(IFMT - PDL)
564,1612,2,11,1,COMPLETO,,2026-01-19 08:30:47.602298,SALA DE AULA B9 - SALA DE AULA B9(IFMT - PDL)
563,1732,2,11,1,COMPLETO,,2026-01-19 08:31:04.761032,SALA DE AULA B9 - SALA DE AULA B9(IFMT - PDL)
562,1624,2,11,1,COMPLETO,,2026-01-19 08:31:18.986196,SALA DE AULA B9 - SALA DE AULA B9(IFMT - PDL)
560,1666,2,11,1,COMPLETO,,2026-01-19 08:31:33.909642,SALA DE AULA B9 - SALA DE AULA B9(IFMT - PDL)
558,1356,2,11,1,COMPLETO,,2026-01-19 08:31:48.642549,SALA DE AULA B9 - SALA DE AULA B9(IFMT - PDL)
557,1514,2,11,1,COMPLETO,,2026-01-19 08:31:59.987246,SALA DE AULA B9 - SALA DE AULA B9(IFMT - PDL)
612,4509,2,11,1,COMPLETO,,2026-01-19 08:36:18.828819,CORREDOR 2º ANDAR - CORREDOR 2º ANDAR(IFMT - PDL)
613,1223,2,11,1,COMPLETO,,2026-01-19 08:37:16.794168,CORREDOR 2º ANDAR - CORREDOR 2º ANDAR(IFMT - PDL)
614,4424,2,11,1,COMPLETO,,2026-01-19 08:37:50.697624,CORREDOR 2º ANDAR - CORREDOR 2º ANDAR(IFMT - PDL)
616,1278,2,11,1,COMPLETO,,2026-01-19 08:39:59.249152,CORREDOR 2º ANDAR - CORREDOR 2º ANDAR(IFMT - PDL)
617,1256,2,11,1,COMPLETO,,2026-01-19 08:40:10.170710,CORREDOR 2º ANDAR - CORREDOR 2º ANDAR(IFMT - PDL)
618,1279,2,11,1,COMPLETO,,2026-01-19 08:40:28.690625,SALA DE AULA B9 - SALA DE AULA B9(IFMT - PDL)
619,4494,2,11,1,COMPLETO,,2026-01-19 08:40:47.348929,SALA DE AULA B9 - SALA DE AULA B9(IFMT - PDL)
620,4506,2,11,1,COMPLETO,,2026-01-19 08:41:01.998143,SALA DE AULA B9 - SALA DE AULA B9(IFMT - PDL)
621,1383,2,11,1,COMPLETO,,2026-01-19 08:41:15.498831,SALA DE AULA B9 - SALA DE AULA B9(IFMT - PDL)
622,4445,2,11,1,COMPLETO,,2026-01-19 08:41:27.168719,SALA DE AULA B9 - SALA DE AULA B9(IFMT - PDL)
623,1465,2,11,1,COMPLETO,,2026-01-19 08:41:39.404372,SALA DE AULA B9 - SALA DE AULA B9(IFMT - PDL)
624,1349,2,11,1,COMPLETO,,2026-01-19 08:41:56.687241,SALA DE AULA B9 - SALA DE AULA B9(IFMT - PDL)
625,1373,2,11,1,COMPLETO,,2026-01-19 08:42:11.330375,SALA DE AULA B9 - SALA DE AULA B9(IFMT - PDL)
626,1055,2,11,1,COMPLETO,,2026-01-19 08:42:34.037244,SALA DE AULA B9 - SALA DE AULA B9(IFMT - PDL)
627,4480,2,11,1,COMPLETO,,2026-01-19 08:42:45.736546,SALA DE AULA B9 - SALA DE AULA B9(IFMT - PDL)
615,4535,2,11,1,COMPLETO,,2026-01-19 08:43:09.374588,SALA DE AULA B9 - SALA DE AULA B9(IFMT - PDL)
629,1445,2,11,1,COMPLETO,,2026-01-19 08:43:22.313802,SALA DE AULA B9 - SALA DE AULA B9(IFMT - PDL)
630,1343,2,11,1,COMPLETO,,2026-01-19 08:43:32.356329,SALA DE AULA B9 - SALA DE AULA B9(IFMT - PDL)
632,1629,2,11,1,COMPLETO,,2026-01-19 08:44:00.840612,SALA DE AULA B9 - SALA DE AULA B9(IFMT - PDL)
633,1283,2,11,1,COMPLETO,,2026-01-19 08:45:02.925087,SALA DE AULA B9 - SALA DE AULA B9(IFMT - PDL)
634,1507,2,11,1,COMPLETO,,2026-01-19 08:45:15.463857,SALA DE AULA B9 - SALA DE AULA B9(IFMT - PDL)
635,4484,2,11,1,COMPLETO,,2026-01-19 08:45:27.706217,SALA DE AULA B9 - SALA DE AULA B9(IFMT - PDL)
636,4435,2,11,1,COMPLETO,,2026-01-19 08:45:41.228644,SALA DE AULA B9 - SALA DE AULA B9(IFMT - PDL)
637,4539,2,11,1,COMPLETO,,2026-01-19 08:45:51.774550,SALA DE AULA B9 - SALA DE AULA B9(IFMT - PDL)
638,1379,2,11,1,COMPLETO,,2026-01-19 08:46:02.667427,SALA DE AULA B9 - SALA DE AULA B9(IFMT - PDL)
639,4491,2,11,1,COMPLETO,,2026-01-19 08:46:18.705987,SALA DE AULA B9 - SALA DE AULA B9(IFMT - PDL)
640,1655,2,11,1,COMPLETO,,2026-01-19 08:46:27.131311,SALA DE AULA B9 - SALA DE AULA B9(IFMT - PDL)
203,4429,2,12,1,COMPLETO,,2026-01-19 08:46:45.018930,SALA DE AULA B9 - SALA DE AULA B9(IFMT - PDL)
642,1065,2,11,1,COMPLETO,,2026-01-19 08:46:56.970402,SALA DE AULA B9 - SALA DE AULA B9(IFMT - PDL)
643,1269,2,11,1,COMPLETO,,2026-01-19 08:47:07.117829,SALA DE AULA B9 - SALA DE AULA B9(IFMT - PDL)
644,1337,2,11,1,COMPLETO,,2026-01-19 08:47:16.741463,SALA DE AULA B9 - SALA DE AULA B9(IFMT - PDL)
